{
  "replace": false,
  "values": [
      { "required": false, "id": "#minecraft:banners" },
      { "required": false, "id": "#minecraft:signs" },
      { "required": false, "id": "minecraft:written_book" },
      { "required": false, "id": "minecraft:honey_bottle" },
      { "required": false, "id": "minecraft:snowball" },
      { "required": false, "id": "minecraft:egg" },
      { "required": false, "id": "minecraft:ender_pearl" },
      { "required": false, "id": "minecraft:armor_stand" }
  ]
}