{
    "replace": false,
    "values": [
        { "required": false, "id": "minecraft:snowball" },
        { "required": false, "id": "minecraft:egg" },
        { "required": false, "id": "minecraft:ender_pearl" },
        { "required": false, "id": "minecraft:splash_potion" },
        { "required": false, "id": "minecraft:lingering_potion" },
        { "required": false, "id": "minecraft:ender_eye" },
        { "required": false, "id": "minecraft:wind_charge" },
        { "required": false, "id": "minecraft:trident" }
    ]
}