{
    "replace": false,
    "values": [
        { "required": false, "id": "minecraft:conduit" },
        { "required": false, "id": "minecraft:glowstone" },
        { "required": false, "id": "minecraft:jack_o_lantern" },
        { "required": false, "id": "minecraft:sea_lantern" },
        { "required": false, "id": "minecraft:lava_cauldron" },
        { "required": false, "id": "minecraft:beacon" },
        { "required": false, "id": "minecraft:sea_pickle" },
        { "required": false, "id": "minecraft:shroomlight" },
        { "required": false, "id": "minecraft:end_rod" },
        { "required": false, "id": "minecraft:crying_obsidian" },
        { "required": false, "id": "minecraft:ender_chest" },
        { "required": false, "id": "minecraft:glow_lichen" },
        { "required": false, "id": "minecraft:brown_mushroom" },
        { "required": false, "id": "minecraft:brewing_stand" },
        { "required": false, "id": "minecraft:dragon_egg" },
        { "required": false, "id": "minecraft:end_portal_frame" },
        { "required": false, "id":"#portals" },
        { "required": false, "id": "#taglib:froglights" },
        { "required": false, "id": "#taglib:lanterns" },
        { "required": false, "id": "#taglib:torches" },
        { "required": false, "id": "#taglib:amethyst_clusters" },
        { "required": false, "id": "#taglib:hot_blocks" }
    ]
}