{
    "values": [
        { "required": false, "id": "minecraft:light" },
        { "required": false, "id": "minecraft:structure_void" },
        { "required": false, "id": "minecraft:cobweb" },
        { "required": false, "id": "minecraft:dead_bush" },
        { "required": false, "id": "minecraft:big_dripleaf_stem" },
        { "required": false, "id": "minecraft:small_dripleaf" },
        { "required": false, "id": "minecraft:hanging_roots" },
        { "required": false, "id": "minecraft:kelp_plant" },
        { "required": false, "id": "minecraft:glow_lichen" },
        { "required": false, "id": "minecraft:redstone_wire" },
        { "required": false, "id": "minecraft:repeater" },
        { "required": false, "id": "minecraft:comparator" },
        { "required": false, "id": "minecraft:lever" },
        { "required": false, "id": "minecraft:tripwire_hook" },
        { "required": false, "id": "minecraft:tripwire" },
        { "required": false, "id": "minecraft:sculk_vein" },
        { "required": false, "id": "minecraft:frogspawn" },
        { "required": false, "id": "minecraft:iron_bars" },
        { "required": false, "id": "minecraft:chain" },
        { "required": false, "id": "minecraft:pointed_dripstone" },
        { "required": false, "id": "minecraft:mangrove_roots" },
        { "required": false, "id": "minecraft:hanging_roots" },
        { "required": false, "id": "minecraft:end_rod" },
        { "required": false, "id": "minecraft:stonecutter" },
        { "required": false, "id": "minecraft:grindstone" },
        { "required": false, "id": "minecraft:composter" },
        { "required": false, "id": "minecraft:enchanting_table" },
        { "required": false, "id": "minecraft:brewing_stand" },
        { "required": false, "id": "minecraft:cauldron" },
        { "required": false, "id": "minecraft:bell" },
        { "required": false, "id": "minecraft:beacon" },
        { "required": false, "id": "minecraft:conduit" },
        { "required": false, "id": "minecraft:lightning_rod" },
        { "required": false, "id": "minecraft:flower_pot" },
        { "required": false, "id": "minecraft:decorated_pot" },
        { "required": false, "id": "minecraft:lectern" },
        { "required": false, "id": "minecraft:end_portal_frame" },
        { "required": false, "id": "minecraft:daylight_detector" },
        { "required": false, "id": "minecraft:hopper" },
        { "required": false, "id": "minecraft:spawner" },
        { "required": false, "id": "minecraft:frogspawn" },
        { "required": false, "id": "#minecraft:wool_carpets" },
        { "required": false, "id": "#minecraft:signs" },
        { "required": false, "id": "#minecraft:rails" },
        { "required": false, "id": "#minecraft:buttons" },
        { "required": false, "id": "#minecraft:pressure_plates" },
        { "required": false, "id": "#minecraft:banners" },
        { "required": false, "id": "#minecraft:saplings" },
        { "required": false, "id": "#minecraft:crops" },
        { "required": false, "id": "#minecraft:small_flowers" },
        { "required": false, "id": "#minecraft:tall_flowers" },
        { "required": false, "id": "#minecraft:fire" },
        { "required": false, "id": "#minecraft:trapdoors" },
        { "required": false, "id": "#minecraft:doors" },
        { "required": false, "id": "#minecraft:fences" },
        { "required": false, "id": "#minecraft:fence_gates" },
        { "required": false, "id": "#minecraft:slabs" },
        { "required": false, "id": "#minecraft:stairs" },
        { "required": false, "id": "#minecraft:walls" },
        { "required": false, "id": "#minecraft:candles" },
        { "required": false, "id": "#minecraft:beds" },
        { "required": false, "id": "#minecraft:leaves" },
        { "required": false, "id": "#minecraft:anvil" },
        { "required": false, "id": "#taglib:air" },
        { "required": false, "id": "#taglib:grass" },
        { "required": false, "id": "#taglib:non_block_corals" },
        { "required": false, "id": "#taglib:torches" },
        { "required": false, "id": "#taglib:vines" },
        { "required": false, "id": "#taglib:fluids" },
        { "required": false, "id": "#taglib:glass" },
        { "required": false, "id": "#taglib:amethyst_clusters" },
        { "required": false, "id": "#taglib:sculk_sensors" },
        { "required": false, "id": "#taglib:lanterns" },
        { "required": false, "id": "#taglib:chests" },
        { "required": false, "id": "#taglib:portals" },
        { "required": false, "id": "#taglib:heads" }
    ]
}