{
    "replace": false,
    "values": [
        { "required": false, "id": "minecraft:stone" },
        { "required": false, "id": "minecraft:diorite" },
        { "required": false, "id": "minecraft:smooth_basalt" },
        { "required": false, "id": "minecraft:tuff" },
        { "required": false, "id": "minecraft:calcite" },
        { "required": false, "id": "minecraft:deepslate" },
        { "required": false, "id": "minecraft:granite" },
        { "required": false, "id": "minecraft:andesite" },
        { "required": false, "id": "minecraft:infested_stone" },
        { "required": false, "id": "minecraft:infested_deepslate" }
    ]
}
