{
  "values": [
    { "required": false, "id": "minecraft:stripped_bamboo_block" },
    { "required": false, "id": "#taglib:stripped_acacia_logs" },
    { "required": false, "id": "#taglib:stripped_birch_logs" },
    { "required": false, "id": "#taglib:stripped_cherry_logs" },
    { "required": false, "id": "#taglib:stripped_dark_oak_logs" },
    { "required": false, "id": "#taglib:stripped_jungle_logs" },
    { "required": false, "id": "#taglib:stripped_mangrove_logs" },
    { "required": false, "id": "#taglib:stripped_oak_logs" },
    { "required": false, "id": "#taglib:stripped_spruce_logs" }
  ]
}