{
    "values": [
        { "required": false, "id": "minecraft:amethyst_cluster" },
        { "required": false, "id": "minecraft:barrier" },
        { "required": false, "id": "minecraft:big_dripleaf" },
        { "required": false, "id": "minecraft:campfire" },
        { "required": false, "id": "#minecraft:candles" },
        { "required": false, "id": "minecraft:calibrated_sculk_sensor" },
        { "required": false, "id": "minecraft:chain" },
        { "required": false, "id": "minecraft:chest" },
        { "required": false, "id": "minecraft:conduit" },
        { "required": false, "id": "#minecraft:corals" },
        { "required": false, "id": "minecraft:dead_brain_coral_fan" },
        { "required": false, "id": "minecraft:dead_bubble_coral_fan" },
        { "required": false, "id": "minecraft:dead_fire_coral_fan" },
        { "required": false, "id": "minecraft:dead_horn_coral_fan" },
        { "required": false, "id": "minecraft:dead_tube_coral_fan" },
        { "required": false, "id": "minecraft:dead_brain_coral" },
        { "required": false, "id": "minecraft:dead_bubble_coral" },
        { "required": false, "id": "minecraft:dead_fire_coral" },
        { "required": false, "id": "minecraft:dead_horn_coral" },
        { "required": false, "id": "minecraft:dead_tube_coral" },
        { "required": false, "id": "minecraft:dead_brain_coral_wall_fan" },
        { "required": false, "id": "minecraft:dead_bubble_coral_wall_fan" },
        { "required": false, "id": "minecraft:dead_fire_coral_wall_fan" },
        { "required": false, "id": "minecraft:dead_horn_coral_wall_fan" },
        { "required": false, "id": "minecraft:dead_tube_coral_wall_fan" },
        { "required": false, "id": "minecraft:brain_coral_fan" },
        { "required": false, "id": "minecraft:bubble_coral_fan" },
        { "required": false, "id": "minecraft:fire_coral_fan" },
        { "required": false, "id": "minecraft:horn_coral_fan" },
        { "required": false, "id": "minecraft:tube_coral_fan" },
        { "required": false, "id": "minecraft:decorated_pot" },
        { "required": false, "id": "minecraft:ender_chest" },
        { "required": false, "id": "#minecraft:fences" },
        { "required": false, "id": "minecraft:glow_lichen" },
        { "required": false, "id": "minecraft:hanging_roots" },
        { "required": false, "id": "minecraft:iron_bars" },
        { "required": false, "id": "minecraft:ladder" },
        { "required": false, "id": "minecraft:lantern" },
        { "required": false, "id": "#minecraft:leaves" },
        { "required": false, "id": "minecraft:light" },
        { "required": false, "id": "minecraft:lightning_rod" },
        { "required": false, "id": "minecraft:mangrove_propagule" },
        { "required": false, "id": "minecraft:mangrove_roots" },
        { "required": false, "id": "minecraft:pointed_dripstone" },
        { "required": false, "id": "minecraft:soul_campfire" },
        { "required": false, "id": "minecraft:soul_lantern" },
        { "required": false, "id": "#minecraft:rails" },
        { "required": false, "id": "minecraft:scaffolding" },
        { "required": false, "id": "minecraft:sculk_sensor" },
        { "required": false, "id": "minecraft:sculk_shrieker" },
        { "required": false, "id": "minecraft:sculk_vein" },
        { "required": false, "id": "minecraft:sea_pickle" },
        { "required": false, "id": "#minecraft:all_signs" },
        { "required": false, "id": "#minecraft:slabs" },
        { "required": false, "id": "minecraft:small_dripleaf" },
        { "required": false, "id": "minecraft:glass_pane" },
        { "required": false, "id": "minecraft:red_stained_glass_pane" },
        { "required": false, "id": "minecraft:blue_stained_glass_pane" },
        { "required": false, "id": "minecraft:cyan_stained_glass_pane" },
        { "required": false, "id": "minecraft:lime_stained_glass_pane" },
        { "required": false, "id": "minecraft:pink_stained_glass_pane" },
        { "required": false, "id": "minecraft:gray_stained_glass_pane" },
        { "required": false, "id": "minecraft:black_stained_glass_pane" },
        { "required": false, "id": "minecraft:brown_stained_glass_pane" },
        { "required": false, "id": "minecraft:white_stained_glass_pane" },
        { "required": false, "id": "minecraft:green_stained_glass_pane" },
        { "required": false, "id": "minecraft:orange_stained_glass_pane" },
        { "required": false, "id": "minecraft:purple_stained_glass_pane" },
        { "required": false, "id": "minecraft:yellow_stained_glass_pane" },
        { "required": false, "id": "minecraft:magenta_stained_glass_pane" },
        { "required": false, "id": "minecraft:light_gray_stained_glass_pane" },
        { "required": false, "id": "minecraft:light_blue_stained_glass_pane" },
        { "required": false, "id": "#minecraft:stairs" },
        { "required": false, "id": "#minecraft:trapdoors" },
        { "required": false, "id": "minecraft:trapped_chest" },
        { "required": false, "id": "#minecraft:walls" }
    ]
}