{
  "values": [
    { "required": false, "id": "minecraft:acacia_sign" },
    { "required": false, "id": "minecraft:bamboo_sign" },
    { "required": false, "id": "minecraft:birch_sign" },
    { "required": false, "id": "minecraft:black_banner" },
    { "required": false, "id": "minecraft:blue_banner" },
    { "required": false, "id": "minecraft:brown_banner" },
    { "required": false, "id": "minecraft:crimson_sign" },
    { "required": false, "id": "minecraft:cyan_banner" },
    { "required": false, "id": "minecraft:dark_oak_sign" },
    { "required": false, "id": "minecraft:gray_banner" },
    { "required": false, "id": "minecraft:green_banner" },
    { "required": false, "id": "minecraft:jungle_sign" },
    { "required": false, "id": "minecraft:light_blue_banner" },
    { "required": false, "id": "minecraft:light_gray_banner" },
    { "required": false, "id": "minecraft:lime_banner" },
    { "required": false, "id": "minecraft:magenta_banner" },
    { "required": false, "id": "minecraft:mangrove_sign" },
    { "required": false, "id": "minecraft:oak_sign" },
    { "required": false, "id": "minecraft:orange_banner" },
    { "required": false, "id": "minecraft:pink_banner" },
    { "required": false, "id": "minecraft:purple_banner" },
    { "required": false, "id": "minecraft:red_banner" },
    { "required": false, "id": "minecraft:spruce_sign" },
    { "required": false, "id": "minecraft:twisting_vines_plant" },
    { "required": false, "id": "minecraft:warped_sign" },
    { "required": false, "id": "minecraft:white_banner" },
    { "required": false, "id": "minecraft:yellow_banner" }
  ]
}