{
  "values": [
    { "required": false, "id": "minecraft:brain_coral_wall_fan" },
    { "required": false, "id": "minecraft:bubble_coral_wall_fan" },
    { "required": false, "id": "minecraft:dead_brain_coral_wall_fan" },
    { "required": false, "id": "minecraft:dead_bubble_coral_wall_fan" },
    { "required": false, "id": "minecraft:dead_fire_coral_wall_fan" },
    { "required": false, "id": "minecraft:dead_horn_coral_wall_fan" },
    { "required": false, "id": "minecraft:dead_tube_coral_wall_fan" },
    { "required": false, "id": "minecraft:fire_coral_wall_fan" },
    { "required": false, "id": "minecraft:horn_coral_wall_fan" },
    { "required": false, "id": "minecraft:tube_coral_wall_fan" }
  ]
}