{
  "values": [
    { "required": false, "id": "minecraft:brain_coral" },
    { "required": false, "id": "minecraft:bubble_coral" },
    { "required": false, "id": "minecraft:dead_brain_coral" },
    { "required": false, "id": "minecraft:dead_bubble_coral" },
    { "required": false, "id": "minecraft:dead_fire_coral" },
    { "required": false, "id": "minecraft:dead_horn_coral" },
    { "required": false, "id": "minecraft:dead_tube_coral" },
    { "required": false, "id": "minecraft:fire_coral" },
    { "required": false, "id": "minecraft:horn_coral" },
    { "required": false, "id": "minecraft:tube_coral" }
  ]
}