{
  "values": [
    { "required": false, "id": "minecraft:black_candle_cake" },
    { "required": false, "id": "minecraft:blue_candle_cake" },
    { "required": false, "id": "minecraft:brown_candle_cake" },
    { "required": false, "id": "minecraft:candle_cake" },
    { "required": false, "id": "minecraft:cyan_candle_cake" },
    { "required": false, "id": "minecraft:gray_candle_cake" },
    { "required": false, "id": "minecraft:green_candle_cake" },
    { "required": false, "id": "minecraft:light_blue_candle_cake" },
    { "required": false, "id": "minecraft:light_gray_candle_cake" },
    { "required": false, "id": "minecraft:lime_candle_cake" },
    { "required": false, "id": "minecraft:magenta_candle_cake" },
    { "required": false, "id": "minecraft:orange_candle_cake" },
    { "required": false, "id": "minecraft:pink_candle_cake" },
    { "required": false, "id": "minecraft:purple_candle_cake" },
    { "required": false, "id": "minecraft:red_candle_cake" },
    { "required": false, "id": "minecraft:white_candle_cake" },
    { "required": false, "id": "minecraft:yellow_candle_cake" }
  ]
}