{
  "values": [
    { "required": false, "id": "minecraft:black_carpet" },
    { "required": false, "id": "minecraft:blue_carpet" },
    { "required": false, "id": "minecraft:brown_carpet" },
    { "required": false, "id": "minecraft:cyan_carpet" },
    { "required": false, "id": "minecraft:gray_carpet" },
    { "required": false, "id": "minecraft:green_carpet" },
    { "required": false, "id": "minecraft:light_blue_carpet" },
    { "required": false, "id": "minecraft:light_gray_carpet" },
    { "required": false, "id": "minecraft:lime_carpet" },
    { "required": false, "id": "minecraft:magenta_carpet" },
    { "required": false, "id": "minecraft:moss_carpet" },
    { "required": false, "id": "minecraft:orange_carpet" },
    { "required": false, "id": "minecraft:pink_carpet" },
    { "required": false, "id": "minecraft:purple_carpet" },
    { "required": false, "id": "minecraft:red_carpet" },
    { "required": false, "id": "minecraft:soul_fire" },
    { "required": false, "id": "minecraft:white_carpet" },
    { "required": false, "id": "minecraft:yellow_carpet" }
  ]
}