{
  "values": [
    { "required": false, "id": "minecraft:black_bed" },
    { "required": false, "id": "minecraft:blue_bed" },
    { "required": false, "id": "minecraft:brown_bed" },
    { "required": false, "id": "minecraft:cyan_bed" },
    { "required": false, "id": "minecraft:gray_bed" },
    { "required": false, "id": "minecraft:green_bed" },
    { "required": false, "id": "minecraft:light_blue_bed" },
    { "required": false, "id": "minecraft:light_gray_bed" },
    { "required": false, "id": "minecraft:lime_bed" },
    { "required": false, "id": "minecraft:magenta_bed" },
    { "required": false, "id": "minecraft:orange_bed" },
    { "required": false, "id": "minecraft:pink_bed" },
    { "required": false, "id": "minecraft:purple_bed" },
    { "required": false, "id": "minecraft:red_bed" },
    { "required": false, "id": "minecraft:white_bed" },
    { "required": false, "id": "minecraft:yellow_bed" }
  ]
}